[
  {
    "baseType": 3,
    "name": "avatar",
    "defaultValue": "",
    "description": "",
    "helpText": "",
    "isSystem": false,
    "minLength": 0,
    "maxLength": 500,
    "validationRegex": "",
    "isValidate": false,
    "uuid": "8e77feb7-a5eb-4c4b-b845-52e70a931297"
  },
  {
    "baseType": 3,
    "name": "commit_hash",
    "defaultValue": "",
    "description": "",
    "helpText": "",
    "isSystem": false,
    "minLength": 0,
    "maxLength": 50,
    "validationRegex": "",
    "isValidate": false,
    "uuid": "16e7f19a-9a18-499f-9c4e-ddd10f9922f1"
  },
  {
    "baseType": 3,
    "name": "full_name",
    "defaultValue": "",
    "description": "",
    "helpText": "",
    "isSystem": false,
    "minLength": 0,
    "maxLength": 100,
    "validationRegex": "",
    "isValidate": false,
    "uuid": "dc435d15-86f5-4314-a88c-32d295aa8c14"
  },
  {
    "baseType": 3,
    "name": "message",
    "defaultValue": "",
    "description": "",
    "helpText": "",
    "isSystem": false,
    "minLength": 0,
    "maxLength": 2000,
    "validationRegex": "",
    "isValidate": false,
    "uuid": "e15c0731-8b2d-4c76-842f-964d51a7c3d3"
  },
  {
    "baseType": 3,
    "name": "pipeline_link",
    "defaultValue": "",
    "description": "",
    "helpText": "",
    "isSystem": false,
    "minLength": 0,
    "maxLength": 500,
    "validationRegex": "",
    "isValidate": false,
    "uuid": "69b0f066-ed71-4e4b-91e9-527de16f8475"
  },
  {
    "baseType": 3,
    "name": "refname",
    "defaultValue": "",
    "description": "",
    "helpText": "",
    "isSystem": false,
    "minLength": 0,
    "maxLength": 100,
    "validationRegex": "",
    "isValidate": false,
    "uuid": "cde73d75-1210-4694-8100-fb7368785e4f"
  },
  {
    "baseType": 3,
    "name": "repository_full_name",
    "defaultValue": "",
    "description": "",
    "helpText": "",
    "isSystem": false,
    "minLength": 0,
    "maxLength": 200,
    "validationRegex": "",
    "isValidate": false,
    "uuid": "4fd37750-a24b-42b3-9ab0-2d0499588179"
  },
  {
    "baseType": 3,
    "name": "repository_link",
    "defaultValue": "",
    "description": "",
    "helpText": "",
    "isSystem": false,
    "minLength": 0,
    "maxLength": 500,
    "validationRegex": "",
    "isValidate": false,
    "uuid": "2ff571fb-f909-44b4-b398-30e5e2f06232"
  },
  {
    "baseType": 3,
    "name": "state",
    "defaultValue": "",
    "description": "",
    "helpText": "",
    "isSystem": false,
    "minLength": 0,
    "maxLength": 30,
    "validationRegex": "",
    "isValidate": false,
    "uuid": "4a59a1af-6371-4769-ba8c-645488f77624"
  },
  {
    "baseType": 3,
    "name": "username",
    "defaultValue": "",
    "description": "",
    "helpText": "",
    "isSystem": false,
    "minLength": 0,
    "maxLength": 200,
    "validationRegex": "",
    "isValidate": false,
    "uuid": "72ccaa4a-89ff-4604-b146-d2c15225f519"
  }
]