{
  "integrations": [
    {
      "id": "f0354780-c72e-40f8-b26d-ca064bfbc2fe",
      "name": "Inbound from Bitbucket Pipeline",
      "action": "CREATE_EVENT",
      "type": "INBOUND_WEBHOOK",
      "deployed": true,
      "form": "92f3899d-0579-487f-8f38-93b9fff7d1d7",
      "script": "\n\nvar data = JSON.parse( request.body );\n\nconsole.log( \"build type of '\" + data.commit_status.type + \"' and state of '\" + data.commit_status.state + \"'\" );\n\nif( data.commit_status.type != \"build\" || data.commit_status.state != \"FAILED\" ) {\n    console.log( \"Ignoring build type of '\" + data.commit_status.type + \"' and state of '\" + data.commit_status.state + \"'\" );\n    return;\n}\n\n\nproperties = {};\n\nproperties.avatar               = data.actor.links.avatar.href;\nproperties.commit_hash          = data.commit_status.commit.hash;\nproperties.message              = data.commit_status.commit.message;\nproperties.pipeline_link        = data.commit_status.url;\nproperties.refname              = data.commit_status.refname;\nproperties.repository_full_name = data.commit_status.repository.full_name;\nproperties.repository_link      = data.commit_status.repository.links.html.href;\nproperties.state                = data.commit_status.state;\nproperties.username             = data.repository.owner.username;\nproperties.full_name            = data.repository.owner.display_name;\n\ntrigger.properties = properties;\n\nform.post( trigger );\n\n",
      "environment": "HOSTED"
    }
  ],
  "endpoints": [],
  "constants": []
}