[
  {
    "id": "f3d91def-99ad-4b54-8ea3-207e505cc1df",
    "name": "Inbound from Bitbucket Pipelines",
    "description": "",
    "icon": "https://s3-xmatters-static.s3.amazonaws.com/null/customers/aa4ff4cd-06da-460c-b2d0-bb34ad66da69/IMAGE__20200804183451890__bitbucket.png",
    "script": "var data = JSON.parse( request.body );\n\nconsole.log( \"build type of '\" + data.commit_status.type + \"' and state of '\" + data.commit_status.state + \"'\" );\n\noutput.state                = data.commit_status.state;\n\nif( data.commit_status.type != \"build\" || data.commit_status.state != \"FAILED\" ) {\n    console.log( \"Ignoring build type of '\" + data.commit_status.type + \"' and state of '\" + data.commit_status.state + \"'\" );\n    return;\n}\n\noutput.avatar               = data.actor.links.avatar.href;\noutput.commit_hash          = data.commit_status.commit.hash;\noutput.message              = data.commit_status.commit.message;\noutput.pipeline_link        = data.commit_status.url;\noutput.refname              = data.commit_status.refname;\noutput.repository_full_name = data.commit_status.repository.full_name;\noutput.repository_link      = data.commit_status.repository.links.html.href;\noutput.username             = data.repository.owner.username;\noutput.full_name            = data.commit_status.commit.author.raw;\n",
    "allowedEnvironment": "HOSTED",
    "accessibleByAll": "NotShared",
    "triggerAuthType": "URL_AUTH",
    "scriptStepType": "CUSTOM_HTTP",
    "inputs": [],
    "outputs": [
      {
        "id": "b77da511-2965-4307-9391-eaca2e339a07",
        "name": "avatar",
        "position": 0
      },
      {
        "id": "798035b7-431f-4f25-a3ee-0fee85bac2b1",
        "name": "commit_hash",
        "position": 1
      },
      {
        "id": "a24eeffd-6ffe-4b04-824d-91271645a985",
        "name": "message",
        "position": 2
      },
      {
        "id": "cc871d18-a7c9-4dca-93ee-f456a5e0bd22",
        "name": "pipeline_link",
        "position": 3
      },
      {
        "id": "3ccbbed7-7cd8-4eb8-b982-72d8c4a6a318",
        "name": "refname",
        "position": 4
      },
      {
        "id": "2d06ea48-a7af-400a-8299-bd2fdd1fb4f4",
        "name": "repository_full_name",
        "position": 5
      },
      {
        "id": "ec7a54af-f8ae-4535-999a-b8c34377bfae",
        "name": "repository_link",
        "position": 6
      },
      {
        "id": "1db99012-debd-471e-ad7c-3a34d6bbd635",
        "name": "state",
        "position": 7
      },
      {
        "id": "17e4112a-816c-45d6-946b-d1effee6123d",
        "name": "username",
        "position": 8
      },
      {
        "id": "ed03dae7-b753-42f0-b909-619cfb9fd6fa",
        "name": "full_name",
        "position": 9
      }
    ],
    "libraries": []
  }
]