{
  "name": "Build Failure",
  "form": "9ae77f2b-36f3-4923-a7ba-9be30a39d41e",
  "blocks": [
    {
      "id": "aa00d3cd-e4d0-4eec-bc89-853d87e0f3a9",
      "label": "Build Failure - Inbound from Bitbucket Pipelines",
      "environment": "HOSTED",
      "presentation": "{\"w\":60,\"x\":0,\"h\":60,\"y\":40}",
      "step": "f9159393-8f2d-48e5-be72-9033ad6b7ac3",
      "stepType": "INTEGRATION"
    },
    {
      "id": "822c0979-91ef-4370-b07c-cfef21645625",
      "label": "Create Event - Build Failure",
      "environment": "HOSTED",
      "presentation": "{\"w\":60,\"x\":440,\"h\":60,\"y\":190}",
      "step": "9ae77f2b-36f3-4923-a7ba-9be30a39d41e",
      "stepType": "CREATE_EVENT",
      "inputMappings": [
        {
          "inputPort": "input",
          "mapping": "${aa00d3cd-e4d0-4eec-bc89-853d87e0f3a9.full_name}",
          "sectionItemKey": "dc435d15-86f5-4314-a88c-32d295aa8c14"
        },
        {
          "inputPort": "input",
          "mapping": "${aa00d3cd-e4d0-4eec-bc89-853d87e0f3a9.pipeline_link}",
          "sectionItemKey": "69b0f066-ed71-4e4b-91e9-527de16f8475"
        },
        {
          "inputPort": "input",
          "mapping": "${aa00d3cd-e4d0-4eec-bc89-853d87e0f3a9.username}",
          "sectionItemKey": "72ccaa4a-89ff-4604-b146-d2c15225f519"
        },
        {
          "inputPort": "input",
          "mapping": "${aa00d3cd-e4d0-4eec-bc89-853d87e0f3a9.message}",
          "sectionItemKey": "e15c0731-8b2d-4c76-842f-964d51a7c3d3"
        },
        {
          "inputPort": "input",
          "mapping": "${aa00d3cd-e4d0-4eec-bc89-853d87e0f3a9.commit_hash}",
          "sectionItemKey": "16e7f19a-9a18-499f-9c4e-ddd10f9922f1"
        },
        {
          "inputPort": "input",
          "mapping": "${aa00d3cd-e4d0-4eec-bc89-853d87e0f3a9.state}",
          "sectionItemKey": "4a59a1af-6371-4769-ba8c-645488f77624"
        },
        {
          "inputPort": "input",
          "mapping": "${aa00d3cd-e4d0-4eec-bc89-853d87e0f3a9.repository_full_name}",
          "sectionItemKey": "4fd37750-a24b-42b3-9ab0-2d0499588179"
        },
        {
          "inputPort": "input",
          "mapping": "${aa00d3cd-e4d0-4eec-bc89-853d87e0f3a9.repository_link}",
          "sectionItemKey": "2ff571fb-f909-44b4-b398-30e5e2f06232"
        },
        {
          "inputPort": "input",
          "mapping": "${aa00d3cd-e4d0-4eec-bc89-853d87e0f3a9.avatar}",
          "sectionItemKey": "8e77feb7-a5eb-4c4b-b845-52e70a931297"
        },
        {
          "inputPort": "input",
          "mapping": "${aa00d3cd-e4d0-4eec-bc89-853d87e0f3a9.refname}",
          "sectionItemKey": "cde73d75-1210-4694-8100-fb7368785e4f"
        }
      ]
    },
    {
      "id": "6d9f96c5-4b7f-4ee0-9d67-69a1ce93249e",
      "label": "Switch",
      "environment": "HOSTED",
      "presentation": "{\"w\":60,\"x\":220,\"h\":60,\"y\":55}",
      "stepType": "SWITCH",
      "inputMappings": [
        {
          "inputPort": "input",
          "mapping": "${aa00d3cd-e4d0-4eec-bc89-853d87e0f3a9.state}"
        }
      ],
      "switchCases": [
        {
          "caseId": "358be351-cbc1-4f35-9128-1d66e37faf45",
          "caseValue": "FAILED"
        }
      ]
    }
  ],
  "edges": [
    {
      "fromBlock": "aa00d3cd-e4d0-4eec-bc89-853d87e0f3a9",
      "fromPort": "output",
      "toBlock": "6d9f96c5-4b7f-4ee0-9d67-69a1ce93249e",
      "toPort": "input"
    },
    {
      "fromBlock": "6d9f96c5-4b7f-4ee0-9d67-69a1ce93249e",
      "fromPort": "358be351-cbc1-4f35-9128-1d66e37faf45",
      "toBlock": "822c0979-91ef-4370-b07c-cfef21645625",
      "toPort": "input"
    }
  ]
}